{"cameraMode":{"drawMode":0,"name":"Shaded","section":"Shading Mode"},"sceneLighting":false,"audioPlay":false,"sceneViewState":{"showFog":true,"showMaterialUpdate":false,"showSkybox":true,"showFlares":true,"showImageEffects":true,"showParticleSystems":true},"in2DMode":false,"pivot":{"x":-0.00939565896987915,"y":0.8471938371658325,"z":-0.06480623781681061},"rotation":{"x":0.0015335846692323685,"y":0.9953783750534058,"z":-0.09465519338846207,"w":0.016126960515975953},"size":4.884181022644043,"orthographic":false}