{"cameraMode":{"drawMode":0,"name":"Shaded","section":"Shading Mode"},"sceneLighting":false,"audioPlay":false,"sceneViewState":{"showFog":false,"showMaterialUpdate":false,"showSkybox":true,"showFlares":true,"showImageEffects":true,"showParticleSystems":true},"in2DMode":false,"pivot":{"x":0.0017583370208740235,"y":1.3059865236282349,"z":0.11773490905761719},"rotation":{"x":-0.008762441575527192,"y":0.9876607656478882,"z":-0.14442236721515656,"w":-0.05993034690618515},"size":5.466615200042725,"orthographic":false}