{"cameraMode":{"drawMode":0,"name":"Shaded","section":"Shading Mode"},"sceneLighting":false,"audioPlay":false,"sceneViewState":{"showFog":false,"showMaterialUpdate":false,"showSkybox":true,"showFlares":true,"showImageEffects":true,"showParticleSystems":true},"in2DMode":false,"pivot":{"x":0.11429059505462647,"y":1.4220969676971436,"z":-0.7854959964752197},"rotation":{"x":0.002050987211987376,"y":0.9979493021965027,"z":-0.0446358360350132,"w":0.045833390206098559},"size":2.348601818084717,"orthographic":false}